ID,Type,Name,,Start Date,End Date,Time Zone,Is Closed?,Visible In Portal?,Featured?,Description,Location,Capacity,Created Date
000001,Conference,2020 Spring Broker Bootcamp,,2020-02-05 00:00:00,2020-02-07 00:00:00,,No,No,No,,,0,2026-02-11 20:11:10.630000
000002,Optional Event,2006 SC,,2006-04-23 00:00:00,2008-04-27 00:00:00,,No,No,No,,,0,2026-02-11 20:11:10.630000
000003,Chapter Networking,Northeast Ohio Fall Social,,2015-09-01 00:00:00,2015-09-01 00:00:00,,No,No,No,,Punchbowl Social,0,2026-02-11 20:11:10.630000
000004,Chapter Networking,Chapter Meeting,,2020-11-18 00:00:00,2020-11-18 00:00:00,,No,No,No,,,0,2026-02-11 20:11:10.630000
000005,Chapter Networking,Service Day - Honoring Frontline Workers,,2021-05-06 10:30:00,2021-05-06 14:00:00,,No,No,No,,,0,2026-02-11 20:11:10.630000
000006,Committee/Member Group Meeting,Nominating Committee,,2019-04-10 09:00:00,2019-04-10 17:00:00,,No,No,No,,,0,2026-02-11 20:11:10.630000
000007,Chapter Networking,Monthly Lunch,,2019-11-13 00:00:00,2019-11-13 00:00:00,,No,No,No,,Maggiano's @ Fashion Mall,0,2026-02-11 20:11:10.630000
000008,Chapter Networking,A Conversation with Ian Grusd & Kevin Spellacy of Ten-X,,2020-06-10 16:00:00,2020-06-10 17:00:00,,No,No,No,,,0,2026-02-11 20:11:10.630000
000009,Chapter Networking,Happy Hour,,2020-10-01 12:00:00,2020-10-01 13:00:00,,No,No,No,,,0,2026-02-11 20:11:10.630000
000010,Optional Event,Hilton Garden Inn Room and Tax,,1900-01-01 00:00:00,1900-01-01 00:00:00,,No,No,No,,,0,2026-02-11 20:11:10.630000
000011,Networking,IBG Party,,2025-05-07 19:00:00,2025-05-07 21:00:00,,No,No,No,,,0,2026-02-11 20:11:10.630000
000012,Committee/Member Group Meeting,Professional Standards Committee,,2026-04-14 16:00:00,2026-04-14 17:00:00,,No,No,No,,,0,2026-02-11 20:11:10.630000
000013,Chapter Networking,Annual Kickoff,,2020-02-06 18:00:00,2020-02-06 21:00:00,,No,No,No,,Lake Chalet,0,2026-02-11 20:11:10.630000
000014,Chapter Networking,Wine Dinner,,2017-11-08 17:30:00,2017-11-08 20:30:00,,No,No,No,,,0,2026-02-11 20:11:10.630000
000015,Optional Event,AC95 - Conversion,,1900-01-01 00:00:00,1900-01-01 00:00:00,,No,No,No,,,0,2026-02-11 20:11:10.630000
000016,Optional Event,SC2002 - Helmet Diving,,1900-01-01 00:00:00,1900-01-01 00:00:00,,No,No,No,,,0,2026-02-11 20:11:10.630000
000017,Committee/Member Group Meeting,Education Task Force Meeting,,2017-04-27 11:30:00,2017-04-27 13:00:00,,No,No,No,,,0,2026-02-11 20:11:10.630000
000018,Chapter Networking,Holiday Party,,2019-12-04 00:00:00,2019-12-04 00:00:00,,No,No,No,,,0,2026-02-11 20:11:10.630000
000019,Chapter Networking,Happy Hour,,2015-02-10 17:30:00,2015-02-10 19:30:00,,No,No,No,,Pappas Steakhouse,0,2026-02-11 20:11:10.630000
000020,Optional Event,,,2023-04-14 00:00:00,2023-04-15 00:00:00,,No,No,No,,,0,2026-02-11 20:11:10.630000
000021,Networking,New Member Breakfast,,2025-05-07 08:00:00,2025-05-07 09:15:00,,No,No,No,,,0,2026-02-11 20:11:10.630000
000022,Optional Event,Embassy Tour,,1900-01-01 00:00:00,1900-01-01 00:00:00,,No,No,No,,,0,2026-02-11 20:11:10.630000
000023,Chapter Networking,Scannel Event,,2019-07-17 15:00:00,2019-07-17 17:00:00,,No,No,No,,,0,2026-02-11 20:11:10.630000
000024,Chapter Networking,Sponsor Appreciation,,2018-06-25 00:00:00,2018-06-25 00:00:00,,No,No,No,,,0,2026-02-11 20:11:10.630000
000025,Committee/Member Group Meeting,Legacy Member Group,,2020-10-21 14:30:00,2020-10-21 15:45:00,,No,No,No,,,0,2026-02-11 20:11:10.630000
000026,Chapter Networking,Chapter Meeting,,2021-06-23 16:00:00,2021-06-23 18:00:00,,No,No,No,,Pine Orchard Yacht & Country Club,0,2026-02-11 20:11:10.630000
000027,Optional Event,Leadership Conference: CLC Breakout - MySIOR,,2016-10-19 14:45:00,2016-10-19 15:45:00,,No,No,No,,"Empire Ballroom West, 2nd Floor / Sheraton New York Times Square Hotel",0,2026-02-11 20:11:10.630000
000028,Chapter Networking,Business Meeting,,2018-11-09 11:30:00,2018-11-09 13:30:00,,No,No,No,,The Grove Store,0,2026-02-11 20:11:10.630000
000029,Conference,FPC2001 - F-1 Racing,,1900-01-01 00:00:00,1900-01-01 00:00:00,,No,No,No,,,0,2026-02-11 20:11:10.630000
000030,Education Session,Summer Event,,2018-06-21 00:00:00,2018-06-21 00:00:00,,No,No,No,,,0,2026-02-11 20:11:10.630000
000031,Optional Event,Leadership Conference: CLC Breakout - Chapter Programming,,2016-10-19 14:45:00,2016-10-19 15:45:00,,No,No,No,,"Liberty 3, 3rd Floor / Sheraton New York Times Square Hotel",0,2026-02-11 20:11:10.630000
000032,Conference,Industrial Member Group Forum,,2026-04-15 13:45:00,2026-04-15 14:45:00,,No,No,No,,,0,2026-02-11 20:11:10.630000
000033,Chapter Governance,Chapter Meeting,,2018-10-18 11:30:00,2018-10-18 13:30:00,,No,No,No,,Ansley Golf Club,0,2026-02-11 20:11:10.630000
000034,Optional Event,Member Coalition Council,,2018-04-12 08:00:00,2018-04-12 10:00:00,,No,No,No,,,0,2026-02-11 20:11:10.630000
000035,Chapter Governance,Fall Luncheon,,2015-09-25 12:00:00,2015-09-25 13:30:00,,No,No,No,,Samantha's,0,2026-02-11 20:11:10.630000
000036,Networking,NAI Global Reception,,2017-04-28 18:00:00,2017-04-28 19:00:00,,No,No,No,,,0,2026-02-11 20:11:10.630000
000037,Optional Event,2022 Quarter Three Broker Bootcamp,,2022-09-14 00:00:00,2022-09-14 00:00:00,,No,No,No,,,0,2026-02-11 20:11:10.630000
000038,Education Session,"Saturday General Session: Big, Smart, & Green - How Cities Shape Our Future",,2019-04-13 10:15:00,2019-04-13 11:45:00,,No,No,No,,,0,2026-02-11 20:11:10.630000
000039,Chapter Governance,Breakfast Meeting,,2016-04-20 07:30:00,2016-04-20 09:00:00,,No,No,No,,Mission Hills Country Club,0,2026-02-11 20:11:10.630000
000040,Chapter Governance,Breakfast Meeting,,2015-10-21 07:30:00,2015-10-21 09:00:00,,No,No,No,,Mission Hills Country Club,0,2026-02-11 20:11:10.630000
000041,Optional Event,MW2003 - Not Attending,,1900-01-01 00:00:00,1900-01-01 00:00:00,,No,No,No,,,0,2026-02-11 20:11:10.630000
000042,Chapter Networking,Development Day,,2019-09-26 16:30:00,2019-09-26 19:30:00,,No,No,No,,Union Market,0,2026-02-11 20:11:10.630000
000043,Conference,FPC2002 - Software,,1900-01-01 00:00:00,1900-01-01 00:00:00,,No,No,No,,,0,2026-02-11 20:11:10.630000
000044,Optional Event,IBG Member Group,,2017-10-26 09:10:00,2017-10-26 10:10:00,,No,No,No,,,0,2026-02-11 20:11:10.630000
000045,Education Session,Group Mackenzie Seminar,,2015-04-08 07:30:00,2015-04-08 09:00:00,,No,No,No,,Mackenzie Offices,0,2026-02-11 20:11:10.630000
000046,Chapter Marketing,Recruitment Lunch,,2015-09-14 11:30:00,2015-09-14 13:30:00,,No,No,No,,Cherokee Club,0,2026-02-11 20:11:10.630000
000047,Chapter Governance,Nominating Committee,,2016-08-18 11:30:00,2016-08-18 13:00:00,,No,No,No,,Atlanta REALTORs Center,0,2026-02-11 20:11:10.630000
000048,Optional Event,Reg International - Mineapolis,,1900-01-01 00:00:00,1900-01-01 00:00:00,,No,No,No,,,0,2026-02-11 20:11:10.630000
000049,Chapter Networking,ACRP SIOR CREW Lunch,,2019-10-24 11:30:00,2019-10-24 13:30:00,,No,No,No,,Junior League of Houston,0,2026-02-11 20:11:10.630000
000050,Conference,2019 Winter Broker Bootcamp,,2019-11-11 00:00:00,2019-11-13 00:00:00,,No,No,No,,,0,2026-02-11 20:11:10.630000
000051,Chapter Networking,Annual Mt. Shadows Golf Tournament,,2021-01-22 12:00:00,2021-01-22 17:00:00,,No,No,No,,Mountain Shadows Golf Club,0,2026-02-11 20:11:10.630000
000052,Optional Event,SC2002 - Optional Night:  Calypso Party,,1900-01-01 00:00:00,1900-01-01 00:00:00,,No,No,No,,,0,2026-02-11 20:11:10.630000
000053,Chapter Marketing,Presentation by the Portland Dev. Corp.,,2016-06-22 16:00:00,2016-06-22 19:00:00,,No,No,No,,Ruth's Chris,0,2026-02-11 20:11:10.630000
000054,Chapter Networking,St. Louis Metro Market Forecast,,2018-02-20 07:15:00,2018-02-20 09:00:00,,No,No,No,,Ritz Carlton St. Louis,0,2026-02-11 20:11:10.630000
000055,Optional Event,Speaker & Dinner Meeting,,2018-05-10 17:30:00,2018-05-10 20:30:00,,No,No,No,,Cucina Enoteca,0,2026-02-11 20:11:10.630000
000056,Optional Event,"Micro & Metro: Latest Trends for Investment, Development, and Occupanc",,2017-10-27 13:00:00,2017-10-27 14:00:00,,No,No,No,,,0,2026-02-11 20:11:10.630000
000057,Education Session,"Opening General Session: If Demography Is Destiny, What Is the Future of Real Estate?",,2019-04-11 10:15:00,2019-04-11 11:45:00,,No,No,No,,,0,2026-02-11 20:11:10.630000
000058,Chapter Networking,Holiday Party,,2015-12-11 12:00:00,2015-12-11 14:00:00,,No,No,No,,MB Post,0,2026-02-11 20:11:10.630000
000059,Chapter Marketing,OPUS Program,,2018-09-18 15:00:00,2018-09-18 17:00:00,,No,No,No,,365 Nicollet Mall,0,2026-02-11 20:11:10.630000
000060,Chapter Networking,Breakfast Meeting,,2021-02-11 10:00:00,2021-02-11 11:00:00,,No,No,No,,,0,2026-02-11 20:11:10.630000
000061,Chapter Networking,Scannell Program,,2021-08-29 15:00:00,2021-08-29 17:00:00,,No,No,No,,Scannell Office,0,2026-02-11 20:11:10.630000
000062,Chapter Marketing,Chapter Luncheon,,2017-02-21 11:30:00,2017-02-21 13:00:00,,No,No,No,,Houston Country Club,0,2026-02-11 20:11:10.630000
000063,Committee/Member Group Meeting,Warsaw (International Planning Meeting),,2017-04-26 17:00:00,2017-04-26 18:00:00,,No,No,No,,,0,2026-02-11 20:11:10.630000
000064,Optional Event,Past Presidents' Award Luncheon,,2016-10-21 12:15:00,2016-10-21 13:30:00,,No,No,No,,"Riverside Suite, 3rd Floor / Sheraton New York Times Square Hotel",0,2026-02-11 20:11:10.630000
000065,Chapter Leadership Council,Chapter Leadership Council (CLC) Meeting,,2025-05-06 14:00:00,2025-05-06 16:00:00,,No,No,No,,,0,2026-02-11 20:11:10.630000
000066,Networking,Legacy & Anniversary Breakfast,,2020-05-01 08:00:00,2020-05-01 09:30:00,,No,No,No,,,0,2026-02-11 20:11:10.630000
000067,Chapter Networking,Miller Canfield Law Event,,2021-05-26 11:30:00,2021-05-26 13:15:00,,No,No,No,,,0,2026-02-11 20:11:10.630000
000068,Chapter Networking,Chapter Lunch Meeting,,2020-09-17 00:00:00,2020-09-17 00:00:00,,No,No,No,,,0,2026-02-11 20:11:10.630000
000069,Chapter Networking,Montrose Group Panel Discussion,,2021-02-23 12:00:00,2021-02-23 13:00:00,,No,No,No,,,0,2026-02-11 20:11:10.630000
000070,Chapter Networking,Chapter Meeting,,2019-02-05 00:00:00,2019-02-05 00:00:00,,No,No,No,,,0,2026-02-11 20:11:10.630000
000071,Optional Event,Bull 'n' Beer Reception,,2018-04-13 11:15:00,2018-04-13 12:15:00,,No,No,No,,,0,2026-02-11 20:11:10.630000
000072,Chapter Networking,Central Florida Virtual Meeting,,2020-05-28 16:00:00,2020-05-28 17:00:00,,No,No,No,,,0,2026-02-11 20:11:10.630000
000073,Education Session,Technology and CRE,,2017-03-22 14:00:00,2017-03-22 19:00:00,,No,No,No,,Quinnipiack Club,0,2026-02-11 20:11:10.630000
000074,Chapter Networking,Ski Weekend,,2017-02-02 00:00:00,2017-02-04 00:00:00,,No,No,No,,Snowbird Resort,0,2026-02-11 20:11:10.630000
000075,Chapter Networking,Spring Meeting with CCIM,,2017-03-30 11:30:00,2017-03-30 15:00:00,,No,No,No,,Oaklawn,0,2026-02-11 20:11:10.630000
000076,Chapter Networking,Holiday Party,,2018-12-07 11:30:00,2018-12-07 14:30:00,,No,No,No,,Glen View Club,0,2026-02-11 20:11:10.630000
000077,Conference,2011 Spring World Conference,,2011-05-05 09:00:00,2011-05-07 10:00:00,,No,No,No,,The Westin Kierland Resort & Spa,0,2026-02-11 20:11:10.630000
000078,Committee/Member Group Meeting,Investment Member Group,,2019-04-10 15:15:00,2019-04-10 16:15:00,,No,No,No,,,0,2026-02-11 20:11:10.630000
000079,Networking,Brokerage Firm & Network Receptions,,2026-04-16 18:00:00,2026-04-16 19:00:00,,No,No,No,,,0,2026-02-11 20:11:10.630000
000080,Chapter Governance,2nd Tuesday Meeting,,2015-06-09 11:30:00,2015-06-09 13:00:00,,No,No,No,,President's Office,0,2026-02-11 20:11:10.630000
000081,Chapter Networking,Chapter Meeting,,2019-04-02 00:00:00,2019-04-02 00:00:00,,No,No,No,,,0,2026-02-11 20:11:10.630000
000082,Networking,Using LinkedIn & Social Media Marketing to Maximize Your Business,,2019-04-10 13:00:00,2019-04-10 16:00:00,,No,No,No,,,0,2026-02-11 20:11:10.630000
000083,Conference,2018 Fall World Conference,,2018-10-11 08:00:00,2018-10-13 13:30:00,,No,No,No,,,0,2026-02-11 20:11:10.630000
000084,Chapter Governance,Chapter Business Meeting,,2018-11-14 07:30:00,2018-11-14 09:00:00,,No,No,No,,Indian Hills Country Club,0,2026-02-11 20:11:10.630000
000085,Board of Directors,SIOR Board of Directors Meeting,,2025-05-06 08:00:00,2025-05-06 10:00:00,,No,No,No,,,0,2026-02-11 20:11:10.630000
000086,Chapter Marketing,Chapter Lunch,,2018-03-21 11:45:00,2018-03-21 13:00:00,,No,No,No,,,0,2026-02-11 20:11:10.630000
000087,Optional Event,TAM203 - Conversion,,1900-01-01 00:00:00,1900-01-01 00:00:00,,No,No,No,,,0,2026-02-11 20:11:10.630000
000088,Conference,2007 Fall Professional Conference - Saturday Lunch,,1900-01-01 00:00:00,1900-01-01 00:00:00,,No,No,No,,,0,2026-02-11 20:11:10.630000
000089,Optional Event,MW2002 - Head Officers,,1900-01-01 00:00:00,1900-01-01 00:00:00,,No,No,No,,,0,2026-02-11 20:11:10.630000
000090,Chapter Networking,"An Evening with Enron's Former CFO, Andrew Fastow",,2019-05-01 17:30:00,2019-05-01 20:30:00,,No,No,No,,Twenty Eight Restaurant and Bar,0,2026-02-11 20:11:10.630000
000091,Chapter Marketing,Recruitment Lunch,,2018-09-17 11:45:00,2018-09-17 14:00:00,,No,No,No,,,0,2026-02-11 20:11:10.630000
000092,Committee/Member Group Meeting,Past Presidents Committee,,2022-10-20 14:45:00,2022-10-20 15:45:00,,No,No,No,,,0,2026-02-11 20:11:10.630000
000093,Networking,Bank of America Leadership Reception,,2018-10-10 17:30:00,2018-10-10 19:30:00,,No,No,No,,,0,2026-02-11 20:11:10.630000
000094,Networking,Lakeside Dinner Party,,2024-07-18 19:30:00,2024-07-18 22:30:00,,No,No,No,,,0,2026-02-11 20:11:10.630000
000095,Exhibits,Lunch Overflow,,2019-04-11 11:45:00,2019-04-11 13:15:00,,No,No,No,,,0,2026-02-11 20:11:10.630000
000096,Chapter Networking,Monthly Luncheon,,2017-10-11 11:30:00,2017-10-11 13:00:00,,No,No,No,,Maggiano's at Fashion Show Mall,0,2026-02-11 20:11:10.630000
000097,Chapter Governance,Chapter Meeting,,2017-02-15 07:30:00,2017-02-15 08:45:00,,No,No,No,,Indian Hills Country Club,0,2026-02-11 20:11:10.630000
000098,Chapter Networking,Avalanche Hockey Night,,2016-01-25 00:00:00,2016-01-25 00:00:00,,No,No,No,,Colorado Avalanche,0,2026-02-11 20:11:10.630000
000099,Chapter Marketing,Chapter Meeting,,2016-04-05 17:30:00,2016-04-05 19:30:00,,No,No,No,,Chickasaw Country Club,0,2026-02-11 20:11:10.630000
000100,Exhibits,Networking Lunch with Exhibitors,,2024-10-16 12:15:00,2024-10-16 13:45:00,,No,No,No,,,0,2026-02-11 20:11:10.630000
000101,Committee/Member Group Meeting,Regional Directors Meeting,,2026-04-15 12:15:00,2026-04-15 13:30:00,,No,No,No,,,0,2026-02-11 20:11:10.630000
000102,Networking,Irish Coffee/Cocktail Masterclass with the SIOR European Chapter,,2021-04-28 16:00:00,2021-04-28 17:00:00,,No,No,No,,,0,2026-02-11 20:11:10.630000
000103,Networking,SIOR Global President's Reception,,2026-04-16 17:30:00,2026-04-16 19:00:00,,No,No,No,,,0,2026-02-11 20:11:10.630000
000104,Chapter Networking,AGM,,2020-01-31 11:00:00,2020-01-31 14:00:00,,No,No,No,,,0,2026-02-11 20:11:10.630000
000105,Networking,Drinks with the European Chapter,,2023-04-26 17:00:00,2023-04-26 18:00:00,,No,No,No,,,0,2026-02-11 20:11:10.630000
000106,Conference,2022 Quarter One Broker Bootcamp,,2022-02-16 00:00:00,2022-02-18 00:00:00,,No,No,No,,,0,2026-02-11 20:11:10.630000
000107,Optional Event,SC2002 - Wreck Diving,,1900-01-01 00:00:00,1900-01-01 00:00:00,,No,No,No,,,0,2026-02-11 20:11:10.630000
000108,Chapter Networking,Monthly Luncheon,,2019-03-07 11:30:00,2019-03-07 13:00:00,,No,No,No,,San Antonio Country Club,0,2026-02-11 20:11:10.630000
000109,Chapter Networking,Masters Event,,2017-04-06 00:00:00,2017-04-06 00:00:00,,No,No,No,,Castle Pines,0,2026-02-11 20:11:10.630000
000110,Chapter Networking,Monthly Lunch,,2019-03-13 00:00:00,2019-03-13 00:00:00,,No,No,No,,Maggiano's @ Fashion Mall,0,2026-02-11 20:11:10.630000
000111,Chapter Networking,Luncheon,,2019-01-08 00:00:00,2019-01-08 00:00:00,,No,No,No,,Houston Country Club,0,2026-02-11 20:11:10.630000
000112,Optional Event,SC 2003 - Art Center & Lunch,,1900-01-01 00:00:00,1900-01-01 00:00:00,,No,No,No,,,0,2026-02-11 20:11:10.630000
000113,Chapter Networking,SIOR Service Day Event - Wish for Wheels,,2019-06-27 00:00:00,2019-06-27 00:00:00,,No,No,No,,,0,2026-02-11 20:11:10.630000
000114,Chapter Networking,Chapter Event,,2019-04-17 07:00:00,2019-04-17 08:30:00,,No,No,No,,,0,2026-02-11 20:11:10.630000
000115,Optional Event,Old Town Alexandria Tour,,1900-01-01 00:00:00,1900-01-01 00:00:00,,No,No,No,,,0,2026-02-11 20:11:10.630000
000116,Networking,SIOR Global President's Reception,,2024-05-08 17:30:00,2024-05-08 19:00:00,,No,No,No,,,0,2026-02-11 20:11:10.630000
000117,Networking,Women's Leadership & Mentorship Networking Event,,2021-04-29 17:00:00,2021-04-29 18:00:00,,No,No,No,,,0,2026-02-11 20:11:10.630000
000118,Chapter Networking,Mid-Atlantic Regional Networking Conference,,2017-03-23 18:00:00,2017-03-24 14:00:00,,No,No,No,,Various,0,2026-02-11 20:11:10.630000
000119,Optional Event,Buffet Breakfast,,2017-10-28 08:00:00,2017-10-28 09:15:00,,No,No,No,,,0,2026-02-11 20:11:10.630000
000120,Conference,2008 FWC,,2008-10-28 00:00:00,2008-10-31 00:00:00,,No,No,No,,,0,2026-02-11 20:11:10.630000
000121,Optional Event,2004 Leadership Conference,,1900-01-01 00:00:00,1900-01-01 00:00:00,,No,No,No,,,0,2026-02-11 20:11:10.630000
000122,Optional Event,LA Port Tour,,1900-01-01 00:00:00,1900-01-01 00:00:00,,No,No,No,,,0,2026-02-11 20:11:10.630000
000123,Chapter Marketing,Market Forecast,,2017-09-27 00:00:00,2017-09-27 00:00:00,,No,No,No,,Charleston Marriott,0,2026-02-11 20:11:10.630000
000124,Chapter Marketing,Dunn Carney sponsored meeting,,2015-06-10 07:30:00,2015-06-10 09:00:00,,No,No,No,,Lloyd Center,0,2026-02-11 20:11:10.630000
000125,Chapter Marketing,Holiday Party & Broker of the Year Award,,2018-12-05 00:00:00,2018-12-05 00:00:00,,No,No,No,,Caffe Molise,0,2026-02-11 20:11:10.630000
000126,Committee/Member Group Meeting,Diversity Member Group,,2017-04-26 16:00:00,2017-04-26 17:15:00,,No,No,No,,,0,2026-02-11 20:11:10.630000
000127,Networking,Buffet Breakfast,,2018-10-13 08:00:00,2018-10-13 09:00:00,,No,No,No,,,0,2026-02-11 20:11:10.630000
000128,Optional Event,Nominating Committee - Regional Directors,,2018-04-11 09:00:00,2018-04-11 17:00:00,,No,No,No,,,0,2026-02-11 20:11:10.630000
000129,Optional Event,Communications & Branding Committee,,2018-04-11 11:30:00,2018-04-11 13:00:00,,No,No,No,,,0,2026-02-11 20:11:10.630000
000130,Education Session,Member Associate/YP Program: Port Tour,,2024-10-15 15:00:00,2024-10-15 18:30:00,,No,No,No,,,0,2026-02-11 20:11:10.630000
000131,Optional Event,Leadership Conference: CLC Breakout - Chapter Management Best Practices,,2016-10-19 13:35:00,2016-10-19 14:35:00,,No,No,No,,"Liberty 1 & 2, 3rd Floor / Sheraton New York Times Square Hotel",0,2026-02-11 20:11:10.630000
000132,Conference,FPC2000 - All Day Coffee Break,,1900-01-01 00:00:00,1900-01-01 00:00:00,,No,No,No,,,0,2026-02-11 20:11:10.630000
000133,Committee/Member Group Meeting,Professional Standards Committee,,2025-05-06 16:00:00,2025-05-06 17:00:00,,No,No,No,,,0,2026-02-11 20:11:10.630000
000134,Networking,Networking Roundtables,,2021-04-28 15:00:00,2021-04-28 16:00:00,,No,No,No,,,0,2026-02-11 20:11:10.630000
000135,Education Session,Build-to-Suits: A Blending of Art & Science,,2021-04-28 13:45:00,2021-04-28 14:45:00,,No,No,No,,,0,2026-02-11 20:11:10.630000
000136,Conference,2003 FPC,,2003-10-24 00:00:00,2003-10-27 00:00:00,,No,No,No,,,0,2026-02-11 20:11:10.630000
000137,Chapter Networking,Joint CCIM Lunch,,2019-11-20 11:30:00,2019-11-20 13:30:00,,No,No,No,,,0,2026-02-11 20:11:10.630000
000138,Chapter Governance,Chapter Meeting,,2017-05-17 07:30:00,2017-05-17 08:45:00,,No,No,No,,Indian Hills Country Club,0,2026-02-11 20:11:10.630000
000139,Chapter Networking,After Hours with CCIM,,2016-07-28 17:00:00,2016-07-28 19:30:00,,No,No,No,,Bass Berry Sims: The Pinnacle at Symphony Place,0,2026-02-11 20:11:10.630000
000140,Chapter Networking,Golf Event,,2017-06-12 10:30:00,2017-06-12 19:00:00,,No,No,No,,Legend at Merrill Hills,0,2026-02-11 20:11:10.630000
000141,Optional Event,Hillwood Tour and Tea,,1900-01-01 00:00:00,1900-01-01 00:00:00,,No,No,No,,,0,2026-02-11 20:11:10.630000
000142,Chapter Governance,Chapter Meeting,,2018-10-01 17:00:00,2018-10-01 20:00:00,,No,No,No,,Nick's Bar & Grill,0,2026-02-11 20:11:10.630000
000143,Optional Event,Dine-Around: DC Coast,,1900-01-01 00:00:00,1900-01-01 00:00:00,,No,No,No,,,0,2026-02-11 20:11:10.630000
000144,Chapter Governance,3rd Tuesday Meeting,,2017-02-21 11:30:00,2017-02-21 13:00:00,,No,No,No,,President's Office,0,2026-02-11 20:11:10.630000
000145,Exhibits,Bull 'n' Beer Reception & Exhibitor Raffle,,2024-05-08 11:00:00,2024-05-08 12:00:00,,No,No,No,,,0,2026-02-11 20:11:10.630000
000146,Networking,Prospect Reception,,2019-04-11 17:00:00,2019-04-11 18:00:00,,No,No,No,,,0,2026-02-11 20:11:10.630000
000147,Chapter Marketing,Platinum Showcase,,2017-01-25 16:00:00,2017-01-25 18:00:00,,No,No,No,,The Henry,0,2026-02-11 20:11:10.630000
000148,Optional Event,Bobby Van's Dine-Around,,1900-01-01 00:00:00,1900-01-01 00:00:00,,No,No,No,,,0,2026-02-11 20:11:10.630000
000149,Chapter Networking,Financing Environment Post-Election and Post-Covid,,2021-02-24 15:30:00,2021-02-24 16:30:00,,No,No,No,,,0,2026-02-11 20:11:10.630000
000150,Conference,"2007 Fall Professional Conference - St. Louis, MO",,1900-01-01 00:00:00,1900-01-01 00:00:00,,No,No,No,,,0,2026-02-11 20:11:10.630000
000151,Conference,FPC2001 - Applicant,,1900-01-01 00:00:00,1900-01-01 00:00:00,,No,No,No,,,0,2026-02-11 20:11:10.630000
000152,Committee/Member Group Meeting,Professional Standards Committee,,2020-04-29 15:30:00,2020-04-29 16:30:00,,No,No,No,,,0,2026-02-11 20:11:10.630000
000153,Networking,President's Reception,,2019-10-18 17:15:00,2019-10-18 18:15:00,,No,No,No,,,0,2026-02-11 20:11:10.630000
000154,Conference,2007 Fall Professional Conference Dine Around - Ca,,1900-01-01 00:00:00,1900-01-01 00:00:00,,No,No,No,,,0,2026-02-11 20:11:10.630000
000155,Chapter Marketing,Holiday Party & Annual Awards,,2016-12-01 18:00:00,2016-12-01 20:00:00,,No,No,No,,Cili,0,2026-02-11 20:11:10.630000
000156,Conference,FPC2000 - Back Panel  Ad - On-Site,,1900-01-01 00:00:00,1900-01-01 00:00:00,,No,No,No,,,0,2026-02-11 20:11:10.630000
000157,Committee/Member Group Meeting,Industrial Member Group Steering Committee,,2017-04-26 16:00:00,2017-04-26 17:15:00,,No,No,No,,,0,2026-02-11 20:11:10.630000
000158,Networking,SIOR Foundation High Donor Reception,,2021-10-15 19:00:00,2021-10-15 20:00:00,,No,No,No,,,0,2026-02-11 20:11:10.630000
000159,Chapter Networking,Member & Sponsor Lunch,,2019-11-06 11:30:00,2019-11-06 13:30:00,,No,No,No,,E-Center at the Esplanade,0,2026-02-11 20:11:10.630000
000160,Optional Event,2021 Quarter Two Broker Bootcamp,,2021-06-07 00:00:00,2021-06-10 00:00:00,,No,No,No,,,0,2026-02-11 20:11:10.630000
000161,Optional Event,Additional Opening Cocktail Party Ticket,,2009-10-29 18:30:00,2009-10-29 20:00:00,,No,No,No,,,0,2026-02-11 20:11:10.630000
000162,Chapter Networking,Monthly Lunch,,2019-06-05 00:00:00,2019-06-05 00:00:00,,No,No,No,,Maggiano's @ Fashion Mall,0,2026-02-11 20:11:10.630000
000163,Chapter Networking,Chapter Zoom,,2020-09-01 00:00:00,2020-09-01 00:00:00,,No,No,No,,Zoom,0,2026-02-11 20:11:10.630000
000164,Chapter Networking,Tahoe Dinner,,2019-08-08 18:00:00,2019-08-08 21:00:00,,No,No,No,,Hyatt Lake Tahoe,0,2026-02-11 20:11:10.630000
000165,Education Session,"Lunch & Learn Session: Market Trends, The New Normal and Diversity in CRE",,2020-10-21 12:30:00,2020-10-21 13:30:00,,No,No,No,,,0,2026-02-11 20:11:10.630000
000166,Optional Event,Prologis Private Reception,,2016-10-21 12:15:00,2016-10-21 13:30:00,,No,No,No,,Riverside Ballroom / Sheraton New York Times Square Hotel,0,2026-02-11 20:11:10.630000
000167,Chapter Networking,45th Annual Golf Tournament,,2015-07-13 10:00:00,2015-07-13 18:00:00,,No,No,No,,Palos Verdes Golf Club,0,2026-02-11 20:11:10.630000
000168,Chapter Marketing,Eastern PA Office Property Summit,,2015-05-12 08:30:00,2015-05-12 17:30:00,,No,No,No,,Chubb Hotel & Conference Center,0,2026-02-11 20:11:10.630000
000169,Education Session,The Independent Edge: Game Changing Moves Unlocked,,2026-04-15 15:00:00,2026-04-15 16:00:00,,No,No,No,"In this featured IBG breakout session, industry legend Bob Knakal will share the strategies, systems, and daily disciplines that help independent brokers build real market presence, win more opportunities, and stay competitive against much larger firms. Drawing from decades of brokerage experience and insights from his recent book, Selling Buildings, Bob will focus on the practical moves that drive visibility, credibility, prospecting consistency, and long-term business development. Attendees will leave with actionable ideas for strengthening their market position, sharpening their outreach, and creating a more durable competitive edge in their own business.

Presenter: Bob Knakal, Chairman & CEO, BKREA, New York, NY",,,2026-06-16 14:48:47.930000
000170,Optional Event,2020 Winter Broker Bootcamp,,2020-11-16 00:00:00,2020-11-17 00:00:00,,No,No,No,,,0,2026-02-11 20:11:10.630000
000171,Chapter Networking,Luncheon,,2018-01-09 11:30:00,2018-01-09 13:00:00,,No,No,No,,Houston Country Club,0,2026-02-11 20:11:10.630000
000172,Chapter Networking,Speaker Series: Landlord's Perspective,,2021-05-06 15:00:00,2021-05-06 16:00:00,,No,No,No,,,0,2026-02-11 20:11:10.630000
000173,Chapter Leadership Council,Chapter Leadership Council Meeting,,2019-04-11 08:00:00,2019-04-11 10:00:00,,No,No,No,,,0,2026-02-11 20:11:10.630000
000174,Chapter Governance,Monthly Meeting,,2017-06-21 00:00:00,2017-06-21 00:00:00,,No,No,No,,,0,2026-02-11 20:11:10.630000
000175,Optional Event,SIOR Night,,2018-10-25 17:30:00,2018-10-25 20:30:00,,No,No,No,,Jonathan Club,0,2026-02-11 20:11:10.630000
000176,Education Session,Friday General Session: Prologis Speaker Series,,2021-10-15 10:15:00,2021-10-15 11:45:00,,No,No,No,,,0,2026-02-11 20:11:10.630000
000177,Chapter Networking,Ryan Program,,2021-03-11 08:00:00,2021-03-11 21:00:00,,No,No,No,,,0,2026-02-11 20:11:10.630000
000178,Chapter Marketing,Chapter Luncheon,,2017-11-14 11:30:00,2017-11-14 13:00:00,,No,No,No,,Houston Country Club,0,2026-02-11 20:11:10.630000
000179,Chapter Networking,East & West Side Breakfast,,2019-02-21 07:30:00,2019-02-21 09:00:00,,No,No,No,,,0,2026-02-11 20:11:10.630000
000180,Board of Directors,SIOR Board of Directors Meeting,,2024-05-09 10:30:00,2024-05-09 12:00:00,,No,No,No,,,0,2026-02-11 20:11:10.630000
000181,Board of Directors,SIOR Board of Directors Meeting,,2021-10-13 08:00:00,2021-10-13 12:00:00,,No,No,No,,,0,2026-02-11 20:11:10.630000
000182,Chapter Networking,Holiday Party,,2016-12-06 17:30:00,2016-12-06 21:00:00,,No,No,No,,Portland White House B&B,0,2026-02-11 20:11:10.630000
000183,Optional Event,2007 Professional Conference - Friday Breakfast,,1900-01-01 00:00:00,1900-01-01 00:00:00,,No,No,No,,,0,2026-02-11 20:11:10.630000
000184,Networking,Colliers Reception,,2026-04-16 18:00:00,2026-04-16 19:00:00,,No,No,No,,,,2026-06-16 14:48:47.643000
000185,Chapter Networking,Chapter Program Luncheon with AIRE,,2015-05-11 11:30:00,2015-05-11 14:00:00,,No,No,No,,Cafe La Cave,0,2026-02-11 20:11:10.630000
000186,Chapter Marketing,Royal Recruitment Event,,2017-05-31 17:00:00,2017-05-31 20:00:00,,No,No,No,,Kauffman Stadium,0,2026-02-11 20:11:10.630000
000187,Chapter Networking,Philadelphia Phillies,,2021-07-29 13:00:00,2021-07-29 16:00:00,,No,No,No,,Citizens Bank Park,0,2026-02-11 20:11:10.630000
000188,Optional Event,Main Stage Panel: Super Brokers,,2016-10-21 14:45:00,2016-10-21 15:45:00,,No,No,No,,Metropolitan Ballroom / Sheraton New York Times Square Hotel,0,2026-02-11 20:11:10.630000
000189,Chapter Networking,Golf Tournament,,2020-09-14 08:00:00,2020-09-14 17:00:00,,No,No,No,,Eagle's Nest Country Club,0,2026-02-11 20:11:10.630000
000190,Chapter Governance,Chapter Meeting,,2017-02-02 11:30:00,2017-02-02 13:00:00,,No,No,No,,,0,2026-02-11 20:11:10.630000
000191,Chapter Governance,Summer Meeting,,2017-06-14 17:30:00,2017-06-14 21:00:00,,No,No,No,,Duncan Donuts Stadium,0,2026-02-11 20:11:10.630000
000192,Optional Event,Spouse Registration - Regular,,1900-01-01 00:00:00,1900-01-01 00:00:00,,No,No,No,,,0,2026-02-11 20:11:10.630000
000193,Chapter Governance,Board of Directors Meeting,,2015-09-09 11:30:00,2015-09-09 13:00:00,,No,No,No,,Atlanta REALTORs Center,0,2026-02-11 20:11:10.630000
000194,Conference,2008 SWC,,2008-04-24 00:00:00,2008-04-27 00:00:00,,No,No,No,,,0,2026-02-11 20:11:10.630000
000195,Chapter Networking,7th & Nic Event,,2017-08-03 00:00:00,2017-08-03 00:00:00,,No,No,No,,,0,2026-02-11 20:11:10.630000
000196,Networking,Brokerage Firm & Network Receptions,,2023-04-28 18:00:00,2023-04-28 19:00:00,,No,No,No,,,0,2026-02-11 20:11:10.630000
000197,Optional Event,2021 Quarter One Broker Bootcamp - All Topics,,2021-02-22 00:00:00,2021-03-04 00:00:00,,No,No,No,,,0,2026-02-11 20:11:10.630000
000198,Committee/Member Group Meeting,Past Presidents Committee Meeting,,2024-05-07 08:00:00,2024-05-07 09:15:00,,No,No,No,,,0,2026-02-11 20:11:10.630000
000199,Networking,CORFAC Reception,,2025-11-06 18:00:00,2025-11-06 19:00:00,,No,No,No,,,0,2026-02-11 20:11:10.630000
000200,Education Session,Breakout Session: Investment Property Market,,2022-10-21 14:45:00,2022-10-21 15:45:00,,No,No,No,,,0,2026-02-11 20:11:10.630000
000201,Optional Event,Legacy Circle Member Group,,2017-10-26 16:15:00,2017-10-26 17:15:00,,No,No,No,,,0,2026-02-11 20:11:10.630000
000202,Networking,Registration Open,,2025-11-04 10:30:00,2025-11-04 17:00:00,,No,No,No,,,0,2026-02-11 20:11:10.630000
000203,Chapter Networking,Board of Directors Meeting,,2019-11-14 00:00:00,2019-11-14 00:00:00,,No,No,No,,Atlanta REALTORS Center,0,2026-02-11 20:11:10.630000
000204,Networking,Bank of America Leadership Reception,,2025-05-06 17:30:00,2025-05-06 19:00:00,,No,No,No,,,0,2026-02-11 20:11:10.630000
000205,Optional Event,IL103 - Normal Registration - No Disco,,1900-01-01 00:00:00,1900-01-01 00:00:00,,No,No,No,,,0,2026-02-11 20:11:10.630000
000206,Committee/Member Group Meeting,Member Coalition Council,,2023-10-13 12:00:00,2023-10-13 13:15:00,,No,No,No,,,0,2026-02-11 20:11:10.630000
000207,Chapter Networking,Monthly Lunch,,2019-02-13 00:00:00,2019-02-13 00:00:00,,No,No,No,,Maggiano's @ Fashion Mall,0,2026-02-11 20:11:10.630000
000208,Chapter Networking,Festivus,,2020-02-12 18:00:00,2020-02-12 22:00:00,,No,No,No,,Maiella,0,2026-02-11 20:11:10.630000
000209,SIOR Foundation Meeting,SIOR Foundation Board of Trustees,,2026-04-14 11:00:00,2026-04-14 14:00:00,,No,No,No,,,0,2026-02-11 20:11:10.630000
000210,Chapter Governance,Board of Directors Meeting,,2015-01-22 11:30:00,2015-01-22 13:00:00,,No,No,No,,Atlanta REALTORs Center,0,2026-02-11 20:11:10.630000
000211,Chapter Networking,Golf Tournament,,2021-06-24 11:30:00,2021-06-24 19:00:00,,No,No,No,,Eagle's Nest Country Club,0,2026-02-11 20:11:10.630000
000212,Optional Event,MW00 - Society Staff,,1900-01-01 00:00:00,1900-01-01 00:00:00,,No,No,No,,,0,2026-02-11 20:11:10.630000
000213,Optional Event,Fun Run/Walk,,1900-01-01 00:00:00,1900-01-01 00:00:00,,No,No,No,,,0,2026-02-11 20:11:10.630000
000214,Chapter Networking,Golf Tournament,,2016-07-12 00:00:00,2016-07-12 00:00:00,,No,No,No,,Tashua Knolls,0,2026-02-11 20:11:10.630000
000215,Committee/Member Group Meeting,IBG Welcome Reception,,2020-04-29 16:30:00,2020-04-29 17:30:00,,No,No,No,,,0,2026-02-11 20:11:10.630000
000216,Board of Directors,Governance Committee,,2023-04-29 08:00:00,2023-04-29 21:00:00,,No,No,No,,,0,2026-02-11 20:11:10.630000
000217,Chapter Networking,Networking & Dinner,,2016-09-08 17:30:00,2016-09-08 20:30:00,,No,No,No,,The Pacific Club,0,2026-02-11 20:11:10.630000
000218,Chapter Governance,Breakfast Meeting,,2018-01-31 07:30:00,2018-01-31 09:00:00,,No,No,No,,Highlawn Pavilion,0,2026-02-11 20:11:10.630000
000219,Optional Event,Tour & Tea at Mar-a-lago,,1900-01-01 00:00:00,1900-01-01 00:00:00,,No,No,No,,,0,2026-02-11 20:11:10.630000
000220,Chapter Governance,Chapter Meeting,,2017-02-23 17:15:00,2017-02-23 17:35:00,,No,No,No,,10 Barrel Brewing,0,2026-02-11 20:11:10.630000
000221,Chapter Networking,Chapter Luncheon,,2016-08-25 11:30:00,2016-08-25 13:00:00,,No,No,No,,Houston Country Club,0,2026-02-11 20:11:10.630000
000222,Chapter Networking,Golf Tournament,,2019-07-22 10:00:00,2019-07-22 19:00:00,,No,No,No,,Virginia Country Club,0,2026-02-11 20:11:10.630000
000223,Chapter Networking,Holiday Party,,2016-12-02 11:30:00,2016-12-02 14:00:00,,No,No,No,,Glen View Club,0,2026-02-11 20:11:10.630000
000224,Exhibits,Networking Break with Exhibitors,,2019-04-11 14:45:00,2019-04-11 15:45:00,,No,No,No,,,0,2026-02-11 20:11:10.630000
000225,Chapter Leadership Council,Chapter Leadership Council (CLC) Meeting,,2022-10-19 13:00:00,2022-10-19 17:00:00,,No,No,No,,,0,2026-02-11 20:11:10.630000
000226,Optional Event,2019 Fall Broker Bootcamp,,2019-09-18 13:00:00,2019-09-18 17:00:00,,No,No,No,,,0,2026-02-11 20:11:10.630000
000227,Optional Event,2020 Fall Broker Bootcamp,,2020-09-23 12:00:00,2020-09-23 17:00:00,,No,No,No,,,0,2026-02-11 20:11:10.630000
000228,Optional Event,Legacy Breakfast,,2018-04-13 08:00:00,2018-04-13 09:00:00,,No,No,No,,,0,2026-02-11 20:11:10.630000
000229,Committee/Member Group Meeting,Admissions & Membership Standards Committee,,2017-04-26 13:00:00,2017-04-26 14:15:00,,No,No,No,,,0,2026-02-11 20:11:10.630000
000230,Education Session,Mid-Year Market Review,,2017-06-08 17:00:00,2017-06-08 21:00:00,,No,No,No,,Essex Country Club,0,2026-02-11 20:11:10.630000
000231,Networking,Women's Tea,,2017-04-27 14:30:00,2017-04-27 15:30:00,,No,No,No,,,0,2026-02-11 20:11:10.630000
000232,Chapter Networking,March Madness Networking (with IEOC),,2017-03-16 15:30:00,2017-03-16 20:30:00,,No,No,No,,Sharks Cove,0,2026-02-11 20:11:10.630000
000233,Chapter Marketing,Annual Economic Forecast,,2017-11-08 16:00:00,2017-11-08 18:00:00,,No,No,No,,,0,2026-02-11 20:11:10.630000
000234,Chapter Networking,West Regional Conference,,2018-12-10 00:00:00,2018-12-10 00:00:00,,No,No,No,,,0,2026-02-11 20:11:10.630000
000235,Optional Event,M&S Grill Dine-Around,,1900-01-01 00:00:00,1900-01-01 00:00:00,,No,No,No,,,0,2026-02-11 20:11:10.630000
000236,Optional Event,2021 Quarter Three Broker Bootcamp,,2021-09-22 00:00:00,2021-09-22 00:00:00,,No,No,No,,,0,2026-02-11 20:11:10.630000
000237,Conference,FWC 2009 Thursday Only,,2009-10-29 00:00:00,2009-10-29 00:00:00,,No,No,No,,,0,2026-02-11 20:11:10.630000
000238,Chapter Governance,Chapter Meeting,,2018-12-06 11:30:00,2018-12-06 13:00:00,,No,No,No,,San Antonio Country Club,0,2026-02-11 20:11:10.630000
000239,Leadership,LC 2009 - Board Strategic Planning,,2009-10-28 08:00:00,2009-10-28 12:00:00,,No,No,No,,TBD,0,2026-02-11 20:11:10.630000
000240,Education Session,Opening General Session,,2023-04-27 10:45:00,2023-04-27 12:00:00,,No,No,No,,,0,2026-02-11 20:11:10.630000
000241,Networking,Networking Roundtables,,2021-04-29 12:15:00,2021-04-29 13:15:00,,No,No,No,,,0,2026-02-11 20:11:10.630000
000242,Chapter Governance,Breakfast Meeting,,2015-01-21 07:30:00,2015-01-21 09:00:00,,No,No,No,,Mission Hills Country Club,0,2026-02-11 20:11:10.630000
000243,Chapter Marketing,Happy Hour,,2016-03-02 15:30:00,2016-03-02 17:30:00,,No,No,No,,BLVD Kitchen and Bar,0,2026-02-11 20:11:10.630000
000244,Chapter Networking,Chapter Networking,,2020-07-21 16:00:00,2020-07-21 17:00:00,,No,No,No,,,0,2026-02-11 20:11:10.630000
000245,Chapter Networking,Annual Meeting,,2021-07-21 11:00:00,2021-07-21 13:00:00,,No,No,No,,Union League Liberty Hill,0,2026-02-11 20:11:10.630000
000246,Optional Event,SC2000 - Shotgunner Funshoot,,1900-01-01 00:00:00,1900-01-01 00:00:00,,No,No,No,,,0,2026-02-11 20:11:10.630000
000247,Optional Event,Occidental Dine-Around,,1900-01-01 00:00:00,1900-01-01 00:00:00,,No,No,No,,,0,2026-02-11 20:11:10.630000
000248,Committee/Member Group Meeting,Communications & Branding Committee,,2018-10-11 10:20:00,2018-10-11 11:20:00,,No,No,No,,,0,2026-02-11 20:11:10.630000
000249,Optional Event,Virtual TransACT 360: YP Happy Hour,,2020-05-04 16:00:00,2020-05-04 17:00:00,,No,No,No,,,0,2026-02-11 20:11:10.630000
000250,Chapter Marketing,DT Office Crawl,,2018-10-16 15:00:00,2018-10-16 18:00:00,,No,No,No,,Marquette Plaza,0,2026-02-11 20:11:10.630000
000251,Education Session,Market Forecast with CCIM,,2018-10-02 15:30:00,2018-10-02 18:00:00,,No,No,No,,Columbia Metropolitan Convention Center,0,2026-02-11 20:11:10.630000
000252,Chapter Marketing,Chapter Luncheon,,2016-09-27 11:30:00,2016-09-27 14:00:00,,No,No,No,,Gene & Georgetti,0,2026-02-11 20:11:10.630000
000253,Optional Event,Southwest Pottery,,1900-01-01 00:00:00,1900-01-01 00:00:00,,No,No,No,,,0,2026-02-11 20:11:10.630000
000254,Networking,IBG Networking Event: Dueling Piano Show & Happy Hour,,2021-04-28 18:30:00,2021-04-28 20:30:00,,No,No,No,,,0,2026-02-11 20:11:10.630000
000255,Optional Event,Board of Directors Meeting,,2017-10-25 08:00:00,2017-10-25 17:00:00,,No,No,No,,,0,2026-02-11 20:11:10.630000
000256,Optional Event,IL103 - Conversion,,1900-01-01 00:00:00,1900-01-01 00:00:00,,No,No,No,,,0,2026-02-11 20:11:10.630000
000257,Networking,IBG Party,,2023-04-28 19:00:00,2023-04-28 21:00:00,,No,No,No,,,0,2026-02-11 20:11:10.630000
000258,Committee/Member Group Meeting,Professional Standards Committee,,2019-04-10 14:00:00,2019-04-10 15:00:00,,No,No,No,,,0,2026-02-11 20:11:10.630000
000259,Education Session,Peak Performance,,2017-01-25 11:30:00,2017-01-25 14:00:00,,No,No,No,,Green Acre Campus Point,0,2026-02-11 20:11:10.630000
000260,Education Session,Chapter Meeting 'Market Update with Dr. Dotzour',,2015-05-13 16:30:00,2015-05-13 18:30:00,,No,No,No,,Preston Commons Board Room,0,2026-02-11 20:11:10.630000
000261,Chapter Marketing,Recruitment Lunch,,2015-09-24 11:30:00,2015-09-24 14:00:00,,No,No,No,,Loma Linda,0,2026-02-11 20:11:10.630000
000262,Chapter Networking,Joint Lunch Event - AIRE/SIOR/CCIM,,2019-05-28 11:30:00,2019-05-28 13:30:00,,No,No,No,,Gene & Georgetti,0,2026-02-11 20:11:10.630000
000263,Chapter Networking,Member/Sponsor Lunch,,2021-03-26 12:00:00,2021-03-26 13:30:00,,No,No,No,,Zina's Cucina,0,2026-02-11 20:11:10.630000
000264,Chapter Networking,West Side Deal Making,,2018-01-31 16:00:00,2018-01-31 18:00:00,,No,No,No,,Founders Brewing,0,2026-02-11 20:11:10.630000
000265,Networking,Office and Tenant Rep Party,,2025-05-07 20:00:00,2025-05-07 22:00:00,,No,No,No,,,0,2026-02-11 20:11:10.630000
000266,Education Session,Secondary & Tertiary Industrial Markets: Coming Into Their Own,,2021-04-28 13:45:00,2021-04-28 14:45:00,,No,No,No,,,0,2026-02-11 20:11:10.630000
000267,Education Session,Advanced AI-Driven 3D Rendering & Drone Videography Solutions for the Industrial Sector,,2024-10-17 11:00:00,2024-10-17 12:00:00,,No,No,No,,,0,2026-02-11 20:11:10.630000
000268,Chapter Networking,Chapter Luncheon,,2015-12-10 11:30:00,2015-12-10 13:00:00,,No,No,No,,The Wynden,0,2026-02-11 20:11:10.630000
000269,Chapter Governance,Summer Meeting with HfH Benefit,,2016-06-14 17:00:00,2016-06-14 22:00:00,,No,No,No,,Fairfield Theater,0,2026-02-11 20:11:10.630000
000270,Committee/Member Group Meeting,Governance Committee,,2018-10-13 08:00:00,2018-10-13 09:00:00,,No,No,No,,,0,2026-02-11 20:11:10.630000
000271,Conference,FWC 2009 SPB 3,,2009-10-30 10:40:00,2009-10-30 12:30:00,,No,No,No,,TBD,0,2026-02-11 20:11:10.630000
000272,Committee/Member Group Meeting,SIOR Foundation Executive Committee,,2019-04-09 18:00:00,2019-04-09 20:00:00,,No,No,No,,,0,2026-02-11 20:11:10.630000
000273,Conference,2008 FWC,,2008-10-30 00:00:00,2008-11-02 00:00:00,,No,No,No,,,0,2026-02-11 20:11:10.630000
000274,Conference,2011 Fall World Conference,,2011-10-20 07:00:00,2011-10-22 17:00:00,,No,No,No,,Hyatt Regency Chicago,0,2026-02-11 20:11:10.630000
000275,Committee/Member Group Meeting,Nominating Committee,,2023-04-25 08:00:00,2023-04-25 17:00:00,,No,No,No,,,0,2026-02-11 20:11:10.630000
000276,Optional Event,Select Leaders,,1900-01-01 00:00:00,1900-01-01 00:00:00,,No,No,No,,,0,2026-02-11 20:11:10.630000
000277,Conference,2023 Quarter One Next Level Series,,2023-02-22 00:00:00,2023-02-24 00:00:00,,No,No,No,,,0,2026-02-11 20:11:10.630000
000278,Exhibits,Networking Break with Exhibitors,,2022-04-28 15:00:00,2022-04-28 16:00:00,,No,No,No,,,0,2026-02-11 20:11:10.630000
000279,Chapter Networking,Recruitment Event,,2021-05-06 16:00:00,2021-05-06 18:00:00,,No,No,No,,Codependent Cocktails + Coffee,0,2026-02-11 20:11:10.630000
000280,Committee/Member Group Meeting,Professional Standards Committee,,2023-04-27 14:45:00,2023-04-27 15:45:00,,No,No,No,,,0,2026-02-11 20:11:10.630000
000281,Education Session,Tips from the Top (CE),,2020-04-30 13:45:00,2020-04-30 14:45:00,,No,No,No,,,0,2026-02-11 20:11:10.630000
000282,Chapter Networking,Chapter Luncheon,,2016-05-10 11:30:00,2016-05-10 13:00:00,,No,No,No,,Houston Country Club,0,2026-02-11 20:11:10.630000
000283,Optional Event,2024 Spring Next Level Series -  Chicago,,2024-06-18 00:00:00,2024-06-19 00:00:00,,No,No,No,,,0,2026-02-11 20:11:10.630000
000284,Chapter Networking,Virtual Platinum and Gold Sponsor Meeting,,2020-09-16 00:00:00,2020-09-16 00:00:00,,No,No,No,,,0,2026-02-11 20:11:10.630000
000285,Chapter Governance,Annual Townhall Luncheon West,,2016-04-27 23:30:00,2016-04-27 14:00:00,,No,No,No,,University Club,0,2026-02-11 20:11:10.630000
000286,Networking,Brokerage Owner Group Meet Up,,2026-04-15 19:00:00,2026-04-15 20:00:00,,No,No,No,,,,2026-06-16 14:48:51.837000
000287,Optional Event,2023 Quarter Three Broker Bootcamp - Construction & Development,,2023-09-11 00:00:00,2023-09-11 00:00:00,,No,No,No,,,0,2026-02-11 20:11:10.630000
000288,Exhibits,Exhibit Hall Open & Lunch,,2019-04-11 11:45:00,2019-04-11 13:15:00,,No,No,No,,,0,2026-02-11 20:11:10.630000
000289,Committee/Member Group Meeting,Director of Operations Meeting,,2025-11-05 09:30:00,2025-11-05 10:30:00,,No,No,No,,,0,2026-02-11 20:11:10.630000
000290,Education Session,Breakfast & Closing General Session: Economic Update & Market Forecast,,2023-10-14 08:30:00,2023-10-14 10:30:00,,No,No,No,,,0,2026-02-11 20:11:10.630000
000291,Committee/Member Group Meeting,Nominating Committee,,2021-10-13 13:00:00,2021-10-13 14:30:00,,No,No,No,,,0,2026-02-11 20:11:10.630000
000292,Chapter Governance,2nd Tuesday Meeting,,2016-01-12 11:30:00,2016-01-12 13:00:00,,No,No,No,,President's Office,0,2026-02-11 20:11:10.630000
000293,Conference,2005 Fall Professional Conference,,2005-10-01 00:00:00,2005-10-05 00:00:00,,No,No,No,,,0,2026-02-11 20:11:10.630000
000294,Optional Event,Water Taxi Tour,,1900-01-01 00:00:00,1900-01-01 00:00:00,,No,No,No,,,0,2026-02-11 20:11:10.630000
000295,Optional Event,Library & Event Center Tour,,2018-01-24 00:00:00,2018-01-24 00:00:00,,No,No,No,,,0,2026-02-11 20:11:10.630000
000296,Optional Event,SAREG - Normal Member Registration,,1900-01-01 00:00:00,1900-01-01 00:00:00,,No,No,No,,,0,2026-02-11 20:11:10.630000
000297,Conference,2009 FWC,,2009-10-29 00:00:00,2009-10-31 00:00:00,,No,No,No,,,0,2026-02-11 20:11:10.630000
000298,Education Session,Investment Property Market,,2018-10-12 13:45:00,2018-10-12 14:45:00,,No,No,No,,,0,2026-02-11 20:11:10.630000
000299,Chapter Networking,Developer Cocktail,,2019-04-18 17:30:00,2019-04-18 19:30:00,,No,No,No,,Tuscan Kitchen,0,2026-02-11 20:11:10.630000
000300,Committee/Member Group Meeting,IBG Member Group Oversight Meeting,,2019-04-10 14:30:00,2019-04-10 15:00:00,,No,No,No,,,0,2026-02-11 20:11:10.630000
